{
	"pages": [ //pages数组中第一项表示应用启动页，参考：https://uniapp.dcloud.io/collocation/pages
		{
			"path": "pages/index/index",
			"style": {
				"enablePullDownRefresh":true,
				"navigationBarTitleText":"工单"
			}
		}
	    ,{
            "path" : "pages/login/login",
			"style": {
				"navigationBarTitleText":"登录"
			}
        }
        ,{
            "path" : "pages/map/map"  ,
			"style": {
				"navigationBarTitleText":"地图"
			}
        }
        ,{
            "path" : "pages/chart/chart",
			"style": {
				"navigationBarTitleText":"报表"
			}
        }
        ,{
            "path" : "pages/mine/mine"  ,
			"style": {
				"navigationBarTitleText":"我的"
			}
        }
        ,{
            "path" : "pages/chart/chart",
            "style" :                                                                                    
            {
                "navigationBarTitleText": "",
                "enablePullDownRefresh": false
            }
            
        }
    ],
	"globalStyle": {
		"navigationBarTextStyle": "white",
		"navigationBarBackgroundColor": "#2196F3",
		"backgroundColor": "#2196F3"
	},
	"tabBar":{
		"list":[
			{
				"text":"工单",
				"pagePath":"pages/index/index",
				"iconPath":"static/tabbar/order.png",
				"selectedIconPath":"static/tabbar/order_active.png"	
			},
			{
				"text":"报表",
				"pagePath":"pages/chart/chart",
				"iconPath":"static/tabbar/chart.png",
				"selectedIconPath":"static/tabbar/chart_active.png"	
			},
			{
				"text":"地图",
				"pagePath":"pages/map/map",
				"iconPath":"static/tabbar/map.png",
				"selectedIconPath":"static/tabbar/map_active.png"	
			},
			{
				"text":"我的",
				"pagePath":"pages/mine/mine",
				"iconPath":"static/tabbar/mine.png",
				"selectedIconPath":"static/tabbar/mine_active.png"	
			}
		]
	}
}